Name;ZipCode;Age;Email;SSN
Daryl Chasier;2119;86;dchasier0@comcast.net;123456788
Sunny Stanlake;2000;86;sstanlake1@etsy.com;123456795
Kristofor Brigginshaw;2118;75;kbrigginshaw2@patch.com;123456805
Trever Spennock;2193;76;tspennock3@yellowbook.com;123456812
Beckie Middleweek;2090;32;bmiddleweek4@opensource.org;123456829
Orly McKeran;2097;39;omckeran5@fotki.com;123456836
Harlie Samwyse;2200;37;hsamwyse6@bloomberg.com;123456843
Angie O' Mara;2114;59;ao7@infoseek.co.jp;123456850
Scarface Shermore;2067;42;sshermore8@businessinsider.com;123456867
Valerie Pummell;2141;27;vpummell9@army.mil;123456874
Eustacia Foux;2170;30;efouxa@harvard.edu;123456881
Jammie Seivertsen;2021;71;jseivertsenb@ox.ac.uk;123456898
Jasun Tennick;2067;55;jtennickc@merriam-webster.com;123456908
Joanne Rikel;2045;32;jrikeld@google.co.uk;123456915
Gustavus Wassung;2182;96;gwassunge@yolasite.com;123456922
Kirsteni Antuoni;2091;12;kantuonif@mozilla.com;123456939
Karry Kropach;2131;44;kkropachg@istockphoto.com;123456946
Fawn Monkeman;2183;46;fmonkemanh@unblog.fr;123456953
Haywood Swait;2017;24;hswaiti@constantcontact.com;123456960
Harlene Farncombe;2051;24;hfarncombej@netscape.com;123456977
Alisa McNern;2099;12;amcnernk@yahoo.co.jp;123456984
Bette-ann Candie;2094;33;bcandiel@taobao.com;123456991
Neilla Kittow;2183;89;nkittowm@cocolog-nifty.com;123457008
Hector Feilden;2093;25;hfeildenn@arstechnica.com;123457015
Ambur Thorrington;2013;91;athorringtono@blog.com;123457022
Ewen Walhedd;2184;39;ewalheddp@whitehouse.gov;123457039
Ilysa Fairbard;2116;31;ifairbardq@moonfruit.com;123457046
Gamaliel Butterfint;2134;23;gbutterfintr@sohu.com;123457053
Joshia Mara;2080;83;jmaras@meetup.com;123457060
Hamilton Nortcliffe;2017;45;hnortcliffet@nsw.gov.au;123457077
Royall Malenfant;2098;46;rmalenfantu@t-online.de;123457084
Krissie Tivolier;2013;83;ktivolierv@accuweather.com;123457091
Luciano Pittendreigh;2161;77;lpittendreighw@nbcnews.com;123457101
Alard Adamovich;2118;31;aadamovichx@dion.ne.jp;123457118
Kellina Winfield;2089;74;kwinfieldy@github.io;123457125
Herb Burnhill;2162;81;hburnhillz@independent.co.uk;123457132
Candie Letterick;2066;46;cletterick10@slashdot.org;123457149
Townie Byas;2053;87;tbyas11@ameblo.jp;123457156
Phillida Nolleth;2027;94;pnolleth12@prlog.org;123457163
Mateo Sommerton;2111;50;msommerton13@hp.com;123457170
Dareen Bienvenu;2173;71;dbienvenu14@edublogs.org;123457187
Daryl Challens;2013;63;dchallens15@dropbox.com;123457194
Marti Despenser;2040;34;mdespenser16@japanpost.jp;123457204
Nadya Dorward;2145;68;ndorward17@nsw.gov.au;123457211
Cristionna Odo;2113;27;codo18@techcrunch.com;123457228
Giulia Sturridge;2091;86;gsturridge19@odnoklassniki.ru;123457235
Reinwald MacPeice;2161;80;rmacpeice1a@skype.com;123457242
Augustina Spittall;2184;33;aspittall1b@google.co.uk;123457259
Cara Catanheira;2024;70;ccatanheira1c@bloglines.com;123457266
Massimo Beneze;2092;80;mbeneze1d@walmart.com;123457273
Berty Shadfourth;2009;13;bshadfourth1e@ed.gov;123457280
Donnie Jurasz;2028;42;djurasz1f@mysql.com;123457297
Quintana Kershaw;2027;50;qkershaw1g@linkedin.com;123457307
Yasmin Chesters;2120;47;ychesters1h@homestead.com;123457314
Griffith Vala;2013;81;gvala1i@seesaa.net;123457321
Minette Allchorne;2119;93;mallchorne1j@ox.ac.uk;123457338
Gerrie Savery;2067;85;gsavery1k@trellian.com;123457345
Augie Sidebotham;2134;31;asidebotham1l@sina.com.cn;123457352
Editha Dregan;2023;22;edregan1m@rambler.ru;123457369
Mindy Burgise;2183;72;mburgise1n@merriam-webster.com;123457376
Sheridan Bracknell;2021;31;sbracknell1o@npr.org;123457383
Ashely Croydon;2131;20;acroydon1p@businessinsider.com;123457390
Killian Le Barre;2183;33;kle1q@berkeley.edu;123457400
Eduino Fearn;2080;84;efearn1r@e-recht24.de;123457417
Winifred Rivel;2194;18;wrivel1s@discovery.com;123457424
Devonne Bignall;2014;57;dbignall1t@wp.com;123457431
Pauli Glossup;2166;69;pglossup1u@paginegialle.it;123457448
Woodrow Van Geffen;2067;25;wvan1v@guardian.co.uk;123457455
Killie Winridge;2071;23;kwinridge1w@microsoft.com;123457462
Che Kornes;2064;50;ckornes1x@example.com;123457479
Wes Extill;2067;43;wextill1y@over-blog.com;123457486
Blair Debling;2185;40;bdebling1z@telegraph.co.uk;123457493
Jody Skein;2167;91;jskein20@purevolume.com;123457503
Amelia Kibble;2181;19;akibble21@networkadvertising.org;123457510
Hanan Shalloe;2200;31;hshalloe22@tumblr.com;123457527
Maire Magowan;2099;51;mmagowan23@vkontakte.ru;123457534
Hendrick Rubinsztein;2163;70;hrubinsztein24@sciencedaily.com;123457541
Klement Drei;2000;42;kdrei25@jimdo.com;123457558
Gayelord Swatland;2165;17;gswatland26@geocities.jp;123457565
Rivy Desborough;2083;20;rdesborough27@imdb.com;123457572
Jolee McGettrick;2015;24;jmcgettrick28@instagram.com;123457589
Barb Sillito;2134;35;bsillito29@youtube.com;123457596
Kris Riddler;2163;81;kriddler2a@google.fr;123457606
Khalil Ruffle;2135;28;kruffle2b@berkeley.edu;123457613
Charley Foyston;2120;74;cfoyston2c@technorati.com;123457620
Caspar Garrood;2118;16;cgarrood2d@flickr.com;123457637
Lynnea Margetts;2080;49;lmargetts2e@sogou.com;123457644
Krystle Paradyce;2011;75;kparadyce2f@ucoz.com;123457651
Verine Remer;2053;74;vremer2g@admin.ch;123457668
Zedekiah Clears;2016;73;zclears2h@hatena.ne.jp;123457675
Andrus Ladbrook;2151;75;aladbrook2i@tuttocitta.it;123457682
Allison Capoun;2114;100;acapoun2j@ted.com;123457699
Mirabel Purbrick;2170;64;mpurbrick2k@wp.com;123457709
Randal Heitz;2185;42;rheitz2l@pcworld.com;123457716
Ford Cottam;2095;58;fcottam2m@answers.com;123457723
Huberto Furman;2084;69;hfurman2n@google.com.br;123457730
Maure Copley;2113;42;mcopley2o@about.me;123457747
Dori Postle;2176;92;dpostle2p@cnn.com;123457754
Franky Goodlett;2193;55;fgoodlett2q@discovery.com;123457761
Guido Clinnick;2040;98;gclinnick2r@mlb.com;123457778
Delcina Hencke;2167;58;dhencke2s@theglobeandmail.com;123457785
Ignacio Orwell;2182;56;iorwell2t@rakuten.co.jp;123457792
Cointon Pascow;2021;68;cpascow2u@house.gov;123457802
Ashli Leither;2100;26;aleither2v@google.com;123457819
Katlin Lucia;2053;85;klucia2w@usnews.com;123457826
Rebecca Rowlett;2053;48;rrowlett2x@nytimes.com;123457833
Pall Bascombe;2014;26;pbascombe2y@taobao.com;123457840
Rhett Yearne;2100;17;ryearne2z@linkedin.com;123457857
Spense Strathman;2021;46;sstrathman30@spotify.com;123457864
Mufi Casellas;2096;26;mcasellas31@exblog.jp;123457871
Giff Andersen;2143;61;gandersen32@gov.uk;123457888
Joete Valett;2119;11;jvalett33@chron.com;123457895
Rozina Seignior;2161;29;rseignior34@techcrunch.com;123457905
Berget Lissimore;2051;60;blissimore35@sakura.ne.jp;123457912
Doralia Dormon;2095;95;ddormon36@kickstarter.com;123457929
Jasmina Bronot;2064;55;jbronot37@time.com;123457936
Kit Oriel;2097;51;koriel38@networksolutions.com;123457943
Stanley Dressel;2053;52;sdressel39@webeden.co.uk;123457950
Keelby Hatcliffe;2090;91;khatcliffe3a@tinyurl.com;123457967
Vanessa Stuke;2181;87;vstuke3b@google.com.au;123457974
Demetra Godwin;2066;29;dgodwin3c@hostgator.com;123457981
Idelle Fetherston;2116;56;ifetherston3d@ibm.com;123457998
Shari Storr;2015;54;sstorr3e@dedecms.com;123458005
Dorri Lyngsted;2067;33;dlyngsted3f@goo.gl;123458012
Morie Clara;2143;72;mclara3g@disqus.com;123458029
Perl O'Currine;2096;82;pocurrine3h@pcworld.com;123458036
Constancia Sisland;2111;36;csisland3i@bbb.org;123458043
Gavrielle Kluss;2021;42;gkluss3j@xing.com;123458050
Shane Elbourne;2089;26;selbourne3k@chronoengine.com;123458067
Benito Schutter;2097;42;bschutter3l@bbb.org;123458074
Madelene Corker;2026;49;mcorker3m@studiopress.com;123458081
Johanna Lyenyng;2008;31;jlyenyng3n@tinypic.com;123458098
Annetta Szymanowski;2065;87;aszymanowski3o@sina.com.cn;123458108
Yolane Alflatt;2119;62;yalflatt3p@google.pl;123458115
Lucina Versey;2114;23;lversey3q@moonfruit.com;123458122
Alard Buglar;2065;21;abuglar3r@wix.com;123458139
Kathrine Lakenton;2176;64;klakenton3s@myspace.com;123458146
Flossie Bedminster;2113;35;fbedminster3t@netvibes.com;123458153
Keefe Tyrone;2017;56;ktyrone3u@reverbnation.com;123458160
Barrett Cardozo;2071;66;bcardozo3v@elpais.com;123458177
Fionnula Rouchy;2095;41;frouchy3w@cisco.com;123458184
Deborah Branche;2051;46;dbranche3x@fastcompany.com;123458191
Hubey Labitt;2185;51;hlabitt3y@umn.edu;123458201
Addy McKernon;2066;56;amckernon3z@t.co;123458218
Berkeley Aberhart;2181;49;baberhart40@time.com;123458225
Claiborn Downing;2100;78;cdowning41@archive.org;123458232
Garnette Kneller;2120;69;gkneller42@gizmodo.com;123458249
Constantino Handmore;2024;55;chandmore43@ihg.com;123458256
Persis Denniston;2097;83;pdenniston44@miitbeian.gov.cn;123458263
Edmon Maceur;2027;64;emaceur45@cisco.com;123458270
Merry Studman;2028;40;mstudman46@homestead.com;123458287
Marcus Cattini;2162;36;mcattini47@addthis.com;123458294
Latashia Sprowell;2060;31;lsprowell48@addtoany.com;123458304
Roselle Castledine;2071;63;rcastledine49@webeden.co.uk;123458311
Gabe Giriardelli;2200;56;ggiriardelli4a@bluehost.com;123458328
Jada Sams;2194;68;jsams4b@tripod.com;123458335
Fern Sage;2014;34;fsage4c@weibo.com;123458342
Iseabal Schimonek;2091;97;ischimonek4d@elegantthemes.com;123458359
Audrye Trappe;2185;18;atrappe4e@xrea.com;123458366
Ebenezer Kalinsky;2060;44;ekalinsky4f@sfgate.com;123458373
Marika Whyatt;2132;29;mwhyatt4g@multiply.com;123458380
Karel MacCartan;2161;17;kmaccartan4h@fotki.com;123458397
Elwood Baccus;2146;63;ebaccus4i@umn.edu;123458407
Olenka MacCague;2030;73;omaccague4j@ow.ly;123458414
Grier Bucke;2097;23;gbucke4k@facebook.com;123458421
Amanda Jacmard;2120;21;ajacmard4l@dell.com;123458438
Ulrick Weatherhill;2162;67;uweatherhill4m@census.gov;123458445
Blakeley Sapwell;2098;73;bsapwell4n@yelp.com;123458452
Jodie Gronw;2143;55;jgronw4o@scientificamerican.com;123458469
Leonie Haggie;2183;46;lhaggie4p@alexa.com;123458476
Mallissa Harder;2066;44;mharder4q@privacy.gov.au;123458483
Findley Bentick;2080;24;fbentick4r@usnews.com;123458490
Verina Hedge;2063;88;vhedge4s@elpais.com;123458500
Darsie Ventura;2114;46;dventura4t@hp.com;123458517
Elias Tures;2100;25;etures4u@mysql.com;123458524
Gerianne MacCleod;2151;83;gmaccleod4v@java.com;123458531
Cicely Gogay;2026;33;cgogay4w@ucoz.ru;123458548
Cleopatra O'Reagan;2038;76;coreagan4x@theatlantic.com;123458555
Lorie Djorvic;2027;81;ldjorvic4y@blog.com;123458562
Avril Wilmot;2132;22;awilmot4z@facebook.com;123458579
Tammie Impy;2011;69;timpy50@irs.gov;123458586
Shena Gylle;2080;87;sgylle51@columbia.edu;123458593
Ruddie Ranklin;2025;37;rranklin52@tumblr.com;123458603
Alfons Ogilvie;2116;42;aogilvie53@csmonitor.com;123458610
Marven Hewson;2135;17;mhewson54@amazon.co.uk;123458627
Janeen Twidale;2025;73;jtwidale55@hugedomains.com;123458634
Averyl Wilbud;2017;88;awilbud56@taobao.com;123458641
Joyan Treweke;2030;19;jtreweke57@boston.com;123458658
Tess McCloughlin;2015;52;tmccloughlin58@google.pl;123458665
Candie Hunnywell;2050;74;chunnywell59@wikimedia.org;123458672
Melisenda Skipperbottom;2115;88;mskipperbottom5a@epa.gov;123458689
Elenore Praton;2026;59;epraton5b@tmall.com;123458696
Grayce Berrow;2119;96;gberrow5c@amazon.de;123458706
Noell Defty;2063;21;ndefty5d@cbslocal.com;123458713
Joyan Schaben;2118;47;jschaben5e@clickbank.net;123458720
Brady Draxford;2112;84;bdraxford5f@tiny.cc;123458737
Torrance Archibould;2151;62;tarchibould5g@nymag.com;123458744
Carleton Dimitriev;2112;13;cdimitriev5h@narod.ru;123458751
Bancroft Dundredge;2030;87;bdundredge5i@pagesperso-orange.fr;123458768
Levy Slograve;2132;73;lslograve5j@so-net.ne.jp;123458775
Yulma Biggs;2014;88;ybiggs5k@slashdot.org;123458782
Brandyn Checo;2022;21;bcheco5l@hp.com;123458799
Aleen Ramalhete;2085;25;aramalhete5m@unblog.fr;123458809
Beulah Titcumb;2071;37;btitcumb5n@mayoclinic.com;123458816
Tremain Collie;2115;92;tcollie5o@tinypic.com;123458823
Jules Cluse;2184;14;jcluse5p@cdc.gov;123458830
Yale Badsworth;2175;29;ybadsworth5q@reddit.com;123458847
Anallise Thalmann;2146;66;athalmann5r@etsy.com;123458854
Ambur Khomich;2117;68;akhomich5s@shop-pro.jp;123458861
Winnie Deville;2090;78;wdeville5t@vkontakte.ru;123458878
Manon Romaines;2024;20;mromaines5u@addthis.com;123458885
Elka Bradnocke;2024;12;ebradnocke5v@wufoo.com;123458892
Trenton Hancock;2086;93;thancock5w@myspace.com;123458902
Artie Danskine;2067;50;adanskine5x@scientificamerican.com;123458919
Tomaso Mattis;2086;41;tmattis5y@hatena.ne.jp;123458926
Mikkel Quarrington;2151;71;mquarrington5z@tinyurl.com;123458933
Bartholomew Patise;2118;60;bpatise60@wikia.com;123458940
Vikki Canfer;2080;55;vcanfer61@ox.ac.uk;123458957
Kristal Duthy;2099;63;kduthy62@archive.org;123458964
Suzy Laxon;2022;77;slaxon63@dmoz.org;123458971
Alena Fegan;2184;35;afegan64@mapquest.com;123458988
Jo Gosby;2111;23;jgosby65@microsoft.com;123458995
Moritz Owbridge;2084;24;mowbridge66@mail.ru;123459002
Erinna Godrich;2100;46;egodrich67@answers.com;123459019
Hoebart Toffano;2113;71;htoffano68@ifeng.com;123459026
Gib Hoodlass;2009;12;ghoodlass69@smugmug.com;123459033
Gertruda Tomblings;2057;19;gtomblings6a@ihg.com;123459040
Alphard Sucre;2071;95;asucre6b@webnode.com;123459057
Milt Poag;2083;95;mpoag6c@engadget.com;123459064
Phyllida Hovell;2014;59;phovell6d@myspace.com;123459071
Thurston Melsom;2113;100;tmelsom6e@dion.ne.jp;123459088
Roger Albiston;2015;25;ralbiston6f@ask.com;123459095
Nevins Ivanuschka;2094;54;nivanuschka6g@stanford.edu;123459105
Forbes Pritchitt;2095;47;fpritchitt6h@lulu.com;123459112
Saudra Maffey;2144;53;smaffey6i@statcounter.com;123459129
Vernen Braga;2083;63;vbraga6j@icio.us;123459136
Bird Hanes;2060;12;bhanes6k@howstuffworks.com;123459143
Perice Samper;2074;99;psamper6l@google.com.br;123459150
Scarlett Strass;2144;39;sstrass6m@mlb.com;123459167
Kinsley Orbine;2013;77;korbine6n@pen.io;123459174
Willetta Gout;2027;15;wgout6o@bing.com;123459181
Isis Peetermann;2067;85;ipeetermann6p@mayoclinic.com;123459198
Bambi Humpage;2065;86;bhumpage6q@merriam-webster.com;123459208
Dave Sidworth;2119;59;dsidworth6r@dropbox.com;123459215
Emmey Issacov;2080;40;eissacov6s@geocities.com;123459222
Roth Flexman;2194;86;rflexman6t@vkontakte.ru;123459239
Kissiah Benkin;2063;33;kbenkin6u@dmoz.org;123459246
Aguste Sames;2120;60;asames6v@myspace.com;123459253
Selma Ovens;2146;63;sovens6w@upenn.edu;123459260
Deeann Canton;2091;31;dcanton6x@storify.com;123459277
Clyve Carpmile;2096;86;ccarpmile6y@live.com;123459284
Moss Milch;2174;99;mmilch6z@tiny.cc;123459291
Loralyn Alp;2015;22;lalp70@hhs.gov;123459301
Ernestine Harnott;2183;18;eharnott71@merriam-webster.com;123459318
Jacklin Buer;2072;31;jbuer72@cornell.edu;123459325
Joli Lindback;2175;28;jlindback73@technorati.com;123459332
Alyson Spafford;2143;11;aspafford74@wp.com;123459349
Zared Aysik;2017;47;zaysik75@reverbnation.com;123459356
Grantham Bricksey;2170;74;gbricksey76@sakura.ne.jp;123459363
Kyle Carlin;2065;96;kcarlin77@google.fr;123459370
Jeane Whiskerd;2092;63;jwhiskerd78@illinois.edu;123459387
Carling Morena;2173;73;cmorena79@diigo.com;123459394
Livvie Riditch;2071;40;lriditch7a@shutterfly.com;123459404
Aile Edeson;2085;13;aedeson7b@whitehouse.gov;123459411
Cory Matzen;2144;40;cmatzen7c@biblegateway.com;123459428
Jeralee Brason;2045;65;jbrason7d@imdb.com;123459435
Maxwell Dy;2080;86;mdy7e@topsy.com;123459442
Salmon Dignam;2118;50;sdignam7f@qq.com;123459459
Pren Cicccitti;2117;100;pcicccitti7g@indiatimes.com;123459466
Gilberte Gather;2175;88;ggather7h@yale.edu;123459473
Natassia Trivett;2099;63;ntrivett7i@digg.com;123459480
Yule Siegertsz;2053;86;ysiegertsz7j@va.gov;123459497
Laurens Greenan;2177;29;lgreenan7k@elpais.com;123459507
Daveta Jaquin;2021;64;djaquin7l@buzzfeed.com;123459514
Claudia Ahern;2011;66;cahern7m@dmoz.org;123459521
Emelia McDermot;2163;42;emcdermot7n@smh.com.au;123459538
Ralf Loftus;2028;27;rloftus7o@histats.com;123459545
Janaya Longbone;2185;25;jlongbone7p@sfgate.com;123459552
Shayne Goskar;2184;73;sgoskar7q@gizmodo.com;123459569
Graeme Titmarsh;2117;78;gtitmarsh7r@cyberchimps.com;123459576
Bill Cuthill;2120;18;bcuthill7s@prweb.com;123459583
Jorie Braznell;2074;62;jbraznell7t@yellowpages.com;123459590
Gretal Hurdle;2177;90;ghurdle7u@wisc.edu;123459600
Arlyne Shuttell;2014;59;ashuttell7v@economist.com;123459617
Bentlee Sjostrom;2092;25;bsjostrom7w@acquirethisname.com;123459624
Rosana Broadwell;2115;87;rbroadwell7x@imdb.com;123459631
Jarrid Matfin;2098;76;jmatfin7y@booking.com;123459648
Quint Humfrey;2026;47;qhumfrey7z@mapquest.com;123459655
Errol Greenwell;2084;55;egreenwell80@joomla.org;123459662
Tracy Rawlingson;2100;63;trawlingson81@pagesperso-orange.fr;123459679
Moritz Peggram;2185;49;mpeggram82@studiopress.com;123459686
Stacie Metzke;2095;85;smetzke83@comcast.net;123459693
Doria Youster;2132;82;dyouster84@godaddy.com;123459703
Gibby Blackway;2016;93;gblackway85@google.fr;123459710
Gianina Rambadt;2030;53;grambadt86@eventbrite.com;123459727
Rudie Orhrt;2200;30;rorhrt87@plala.or.jp;123459734
Velvet Hake;2184;36;vhake88@imdb.com;123459741
Kelli Bilborough;2116;58;kbilborough89@webmd.com;123459758
Pren Steuart;2200;64;psteuart8a@hc360.com;123459765
Brade Parton;2144;30;bparton8b@irs.gov;123459772
Mariquilla Walak;2117;96;mwalak8c@blogspot.com;123459789
Maegan Beamont;2161;81;mbeamont8d@about.me;123459796
Heda Rougier;2053;42;hrougier8e@dot.gov;123459806
Perl Beniesh;2049;67;pbeniesh8f@live.com;123459813
Iorgo Huyge;2192;93;ihuyge8g@discuz.net;123459820
Clem Manuele;2163;28;cmanuele8h@geocities.jp;123459837
Bee Cloughton;2009;100;bcloughton8i@indiatimes.com;123459844
Norina Blennerhassett;2080;34;nblennerhassett8j@spotify.com;123459851
Freeman Lovering;2116;41;flovering8k@cbc.ca;123459868
Eddie Aps;2011;66;eaps8l@technorati.com;123459875
Erasmus Andrysiak;2146;84;eandrysiak8m@ameblo.jp;123459882
Regan Tatford;2027;26;rtatford8n@1und1.de;123459899
Raffarty Hazeley;2027;48;rhazeley8o@tuttocitta.it;123459909
Latia Andrew;2167;22;landrew8p@usgs.gov;123459916
Andrea Trowsdall;2036;47;atrowsdall8q@youku.com;123459923
Jabez Keward;2132;75;jkeward8r@slideshare.net;123459930
Jeanette Allot;2015;16;jallot8s@nasa.gov;123459947
Kirby Primrose;2111;57;kprimrose8t@biglobe.ne.jp;123459954
Reena Dymond;2120;37;rdymond8u@goodreads.com;123459961
Renado Whittlesee;2173;21;rwhittlesee8v@istockphoto.com;123459978
Alano Damp;2065;56;adamp8w@admin.ch;123459985
Dotty Fallens;2013;92;dfallens8x@com.com;123459992
Diane-marie Speechley;2115;45;dspeechley8y@ucsd.edu;123460002
Elene Le Fevre;2115;55;ele8z@symantec.com;123460019
Inglebert Ogden;2164;29;iogden90@naver.com;123460026
Ania Lucien;2025;95;alucien91@state.gov;123460033
Pate Innes;2166;23;pinnes92@shop-pro.jp;123460040
Gilbertina Ruberry;2051;30;gruberry93@sphinn.com;123460057
Carce Skones;2099;43;cskones94@sciencedirect.com;123460064
Lesly London;2085;71;llondon95@merriam-webster.com;123460071
Annadiane Mattys;2084;98;amattys96@paypal.com;123460088
Aileen Winslade;2065;82;awinslade97@home.pl;123460095
Burch Cabena;2181;72;bcabena98@t.co;123460105
Patrick Frake;2073;97;pfrake99@elpais.com;123460112
Norene Jansema;2089;46;njansema9a@hubpages.com;123460129
Jeramie Hilling;2009;84;jhilling9b@house.gov;123460136
Eryn Hoodspeth;2161;64;ehoodspeth9c@skype.com;123460143
Annmarie Dantesia;2162;50;adantesia9d@amazon.co.uk;123460150
Dino Juggings;2174;98;djuggings9e@tmall.com;123460167
Shaw McGriele;2165;48;smcgriele9f@delicious.com;123460174
Hendrik Donaho;2161;32;hdonaho9g@nationalgeographic.com;123460181
Gwenora Pendrick;2083;57;gpendrick9h@biglobe.ne.jp;123460198
Parry Dumper;2170;24;pdumper9i@blogspot.com;123460208
Zonda Toulmin;2200;43;ztoulmin9j@usgs.gov;123460215
Daffie Landers;2000;62;dlanders9k@foxnews.com;123460222
Boris Cavy;2119;13;bcavy9l@microsoft.com;123460239
Jefferson Aylward;2194;54;jaylward9m@earthlink.net;123460246
Claiborn Jurczik;2025;50;cjurczik9n@wikimedia.org;123460253
Annemarie Panniers;2098;47;apanniers9o@about.me;123460260
Piper Negus;2067;74;pnegus9p@wordpress.com;123460277
Isiahi Eastmond;2096;61;ieastmond9q@multiply.com;123460284
Rolfe Marnes;2065;75;rmarnes9r@goodreads.com;123460291
Lars Kondratyuk;2111;30;lkondratyuk9s@marriott.com;123460301
Mario Kloska;2113;32;mkloska9t@topsy.com;123460318
Vonny Mazzey;2174;92;vmazzey9u@examiner.com;123460325
Irvin Beavan;2039;38;ibeavan9v@mac.com;123460332
Vincenty Wasteney;2132;43;vwasteney9w@examiner.com;123460349
Maurice Clarabut;2183;99;mclarabut9x@goodreads.com;123460356
Missy Parsonson;2080;93;mparsonson9y@taobao.com;123460363
Valencia Aldins;2146;68;valdins9z@1688.com;123460370
Phaidra Kauble;2013;51;pkaublea0@dyndns.org;123460387
Walsh Daventry;2143;29;wdaventrya1@google.es;123460394
Fiorenze Matschke;2165;53;fmatschkea2@unblog.fr;123460404
Sherman Masdin;2045;100;smasdina3@twitpic.com;123460411
Edwina Dering;2089;20;ederinga4@chicagotribune.com;123460428
Micheal Anmore;2166;36;manmorea5@chicagotribune.com;123460435
Felice Eddowes;2166;94;feddowesa6@typepad.com;123460442
Cary Igounet;2081;38;cigouneta7@nba.com;123460459
Bert Cullinan;2096;89;bcullinana8@typepad.com;123460466
Birdie Jinkin;2091;76;bjinkina9@creativecommons.org;123460473
Zondra Bernolet;2073;33;zbernoletaa@admin.ch;123460480
Katherina Harsnep;2191;76;kharsnepab@rediff.com;123460497
King Arlett;2167;56;karlettac@army.mil;123460507
Paxon Bucklee;2151;97;pbuckleead@fotki.com;123460514
Jeanette Ratcliffe;2111;95;jratcliffeae@bloglovin.com;123460521
Bill McPeake;2023;27;bmcpeakeaf@sciencedaily.com;123460538
Flore Bonnavant;2066;65;fbonnavantag@google.ru;123460545
Lara Trewett;2028;81;ltrewettah@cocolog-nifty.com;123460552
Abbie Eggerton;2021;33;aeggertonai@smugmug.com;123460569
Margarette Itzkov;2045;47;mitzkovaj@unblog.fr;123460576
Kassi Avrahamov;2067;68;kavrahamovak@i2i.jp;123460583
Katharina Innett;2080;48;kinnettal@issuu.com;123460590
Yolanthe Tutton;2194;81;ytuttonam@nba.com;123460600
Erich Brinsford;2081;24;ebrinsfordan@skype.com;123460617
Lynnea Bonnick;2024;52;lbonnickao@phpbb.com;123460624
Ax Pachta;2038;79;apachtaap@istockphoto.com;123460631
Madge Donnett;2161;63;mdonnettaq@theatlantic.com;123460648
Lotte Fere;2092;77;lferear@newsvine.com;123460655
Nathan Antram;2023;72;nantramas@smugmug.com;123460662
Caroline Filipov;2135;58;cfilipovat@gov.uk;123460679
Brocky Borland;2016;69;bborlandau@histats.com;123460686
Kary Vickress;2134;16;kvickressav@de.vu;123460693
Jordanna Denerley;2090;15;jdenerleyaw@exblog.jp;123460703
Arthur Quaife;2093;69;aquaifeax@chronoengine.com;123460710
Anitra Goghin;2116;68;agoghinay@usgs.gov;123460727
Oralia Kleinhandler;2173;43;okleinhandleraz@blogtalkradio.com;123460734
Lonnie Mathonnet;2182;90;lmathonnetb0@pen.io;123460741
Mill Tarry;2141;87;mtarryb1@mashable.com;123460758
Adelice Broke;2074;48;abrokeb2@nydailynews.com;123460765
Lilah Cale;2009;82;lcaleb3@webs.com;123460772
Ephrem Asty;2170;92;eastyb4@ucoz.com;123460789
Tull Munnings;2030;50;tmunningsb5@phpbb.com;123460796
Fleur Schimank;2135;88;fschimankb6@myspace.com;123460806
Renata Stelfax;2072;64;rstelfaxb7@netvibes.com;123460813
Gui Sainsberry;2090;92;gsainsberryb8@google.pl;123460820
Trent Welling;2022;87;twellingb9@barnesandnoble.com;123460837
Kimbra Lodin;2194;73;klodinba@about.com;123460844
Clem Nassy;2097;84;cnassybb@livejournal.com;123460851
Omero Hammell;2163;70;ohammellbc@redcross.org;123460868
Elicia Filppetti;2132;67;efilppettibd@ftc.gov;123460875
Lacie Pawlowicz;2112;35;lpawlowiczbe@soundcloud.com;123460882
Morgan Brownsill;2092;39;mbrownsillbf@xrea.com;123460899
Carce Ellsbury;2100;66;cellsburybg@squidoo.com;123460909
Kerry Hush;2025;95;khushbh@usnews.com;123460916
Trip Battie;2185;16;tbattiebi@europa.eu;123460923
Haleigh Tyer;2011;15;htyerbj@geocities.jp;123460930
Madelin McNeigh;2009;53;mmcneighbk@hatena.ne.jp;123460947
Austin Seaborn;2022;32;aseabornbl@nps.gov;123460954
Ben Shevlane;2025;71;bshevlanebm@nhs.uk;123460961
Harlen Smorthit;2113;98;hsmorthitbn@ocn.ne.jp;123460978
Carr Denmead;2143;60;cdenmeadbo@un.org;123460985
Stefanie Coombs;2092;55;scoombsbp@opensource.org;123460992
Carline Seamer;2193;86;cseamerbq@rediff.com;123461009
Carey Delamaine;2067;14;cdelamainebr@scientificamerican.com;123461016
Derry Catlow;2060;82;dcatlowbs@samsung.com;123461023
Meredith Margarson;2184;67;mmargarsonbt@netvibes.com;123461030
Jefferson Malenfant;2051;49;jmalenfantbu@imageshack.us;123461047
Roby Curryer;2045;89;rcurryerbv@samsung.com;123461054
Noelyn Ambrodi;2028;15;nambrodibw@gnu.org;123461061
Brig Craigg;2162;96;bcraiggbx@purevolume.com;123461078
Vincents Foad;2027;33;vfoadby@blogspot.com;123461085
Yuri Lettson;2009;94;ylettsonbz@csmonitor.com;123461092
Brennan Hymans;2080;15;bhymansc0@usnews.com;123461102
Scarlett Stellino;2098;25;sstellinoc1@infoseek.co.jp;123461119
Marianne Hutt;2000;25;mhuttc2@wordpress.com;123461126
Mufi Ricciardelli;2184;81;mricciardellic3@google.cn;123461133
Caria Maly;2080;52;cmalyc4@utexas.edu;123461140
Electra Turnpenny;2143;79;eturnpennyc5@google.com.br;123461157
Connor Impy;2125;89;cimpyc6@harvard.edu;123461164
Kesley Skoggings;2086;12;kskoggingsc7@dailymail.co.uk;123461171
Russell Wilkie;2145;16;rwilkiec8@last.fm;123461188
Marna Kringe;2174;24;mkringec9@elegantthemes.com;123461195
Suki Ackrill;2144;18;sackrillca@zdnet.com;123461205
Blanche Hardiman;2166;44;bhardimancb@storify.com;123461212
Natalee Bathow;2065;28;nbathowcc@is.gd;123461229
Royce Knowler;2060;42;rknowlercd@rediff.com;123461236
Carlin Kamen;2067;60;ckamence@dedecms.com;123461243
Charlena New;2025;56;cnewcf@ifeng.com;123461250
Lucie O'Spellissey;2097;99;lospellisseycg@mozilla.com;123461267
Kasey Skelington;2118;38;kskelingtonch@adobe.com;123461274
Koral Geaney;2074;22;kgeaneyci@nsw.gov.au;123461281
Hoyt Yaus;2082;96;hyauscj@oaic.gov.au;123461298
Rickie Seyffert;2026;39;rseyffertck@squarespace.com;123461308
Casar Leipold;2118;44;cleipoldcl@tmall.com;123461315
Baron Craighall;2185;12;bcraighallcm@answers.com;123461322
Dorthy Espina;2191;68;despinacn@blogger.com;123461339
Brnaba McClure;2066;100;bmcclureco@google.com;123461346
Carena Alexandersen;2184;11;calexandersencp@msu.edu;123461353
Harlen Kettlestringe;2093;20;hkettlestringecq@nyu.edu;123461360
Kimberly McNirlin;2060;25;kmcnirlincr@wordpress.org;123461377
Gardner Barrus;2023;43;gbarruscs@mapquest.com;123461384
Sloane Thirlwall;2089;85;sthirlwallct@sphinn.com;123461391
Korney Emsden;2164;58;kemsdencu@hugedomains.com;123461401
Stan Laverty;2103;96;slavertycv@elegantthemes.com;123461418
Caryl Union;2112;90;cunioncw@bloglines.com;123461425
Kellen Hutchins;2163;15;khutchinscx@java.com;123461432
Ninnette Gwinnel;2193;99;ngwinnelcy@nps.gov;123461449
Berne Round;2092;18;broundcz@constantcontact.com;123461456
Eberhard Illsley;2181;68;eillsleyd0@cdbaby.com;123461463
Chrysler Ivanisov;2143;56;civanisovd1@imageshack.us;123461470
Fernandina Brigstock;2083;15;fbrigstockd2@ocn.ne.jp;123461487
Palm Grunwall;2017;80;pgrunwalld3@kickstarter.com;123461494
Hamish Ottewell;2142;62;hottewelld4@japanpost.jp;123461504
Guido Thistleton;2038;57;gthistletond5@blogs.com;123461511
Cthrine Baskeyfied;2011;25;cbaskeyfiedd6@gizmodo.com;123461528
Evelina Ivamy;2092;44;eivamyd7@ucoz.ru;123461535
Josey Helleker;2095;57;jhellekerd8@go.com;123461542
Shelli Lonsbrough;2111;24;slonsbroughd9@infoseek.co.jp;123461559
Claiborn Slatford;2120;80;cslatfordda@tamu.edu;123461566
Billy Taig;2146;36;btaigdb@mit.edu;123461573
Tommi Josephs;2161;17;tjosephsdc@discovery.com;123461580
Mireille Novill;2115;72;mnovilldd@clickbank.net;123461597
Kynthia Warham;2023;74;kwarhamde@google.pl;123461607
Cirstoforo Easdon;2176;43;ceasdondf@xinhuanet.com;123461614
Lin Van der Linde;2066;85;lvandg@chicagotribune.com;123461621
Ruthe Bromehead;2064;37;rbromeheaddh@jalbum.net;123461638
Portie Merrill;2011;94;pmerrilldi@google.ru;123461645
Helen-elizabeth Backen;2053;21;hbackendj@google.pl;123461652
Quint Kindell;2091;55;qkindelldk@twitter.com;123461669
Nalani Idiens;2192;14;nidiensdl@amazonaws.com;123461676
Manda Iowarch;2194;70;miowarchdm@businessweek.com;123461683
Teri Mackneis;2183;14;tmackneisdn@columbia.edu;123461690
Cy Howard;2064;79;chowarddo@usa.gov;123461700
Archibaldo Pilger;2023;11;apilgerdp@stumbleupon.com;123461717
Antonie Makey;2143;41;amakeydq@skype.com;123461724
Kariotta Gerrett;2191;67;kgerrettdr@pen.io;123461731
Bobbie Joriot;2073;51;bjoriotds@twitter.com;123461748
Christophorus Tippler;2162;96;ctipplerdt@bizjournals.com;123461755
Welsh Dimitrov;2000;47;wdimitrovdu@usda.gov;123461762
Beatriz Barrott;2119;37;bbarrottdv@dion.ne.jp;123461779
Zed Janew;2096;92;zjanewdw@desdev.cn;123461786
Evelin Clemenzi;2118;69;eclemenzidx@statcounter.com;123461793
Jan Armor;2111;19;jarmordy@so-net.ne.jp;123461803
Scarlett Gracey;2094;67;sgraceydz@wisc.edu;123461810
Ethe MacPeice;2173;82;emacpeicee0@uol.com.br;123461827
Hugibert Marvelley;2021;37;hmarvelleye1@narod.ru;123461834
Padgett Petrosian;2193;36;ppetrosiane2@ucsd.edu;123461841
Kathie Trundell;2174;32;ktrundelle3@amazon.co.jp;123461858
Jerrine Golthorpp;2167;85;jgolthorppe4@cisco.com;123461865
Merilee Eveque;2092;96;mevequee5@shareasale.com;123461872
Wilden St Ledger;2081;60;wste6@hud.gov;123461889
Philipa Tocher;2145;43;ptochere7@topsy.com;123461896
Bernardina Harteley;2011;54;bharteleye8@amazonaws.com;123461906
Olivie Woodfine;2161;74;owoodfinee9@gov.uk;123461913
Yorke Hucke;2071;47;yhuckeea@sina.com.cn;123461920
Didi Wimbury;2099;75;dwimburyeb@blinklist.com;123461937
Olivette Ilden;2015;37;oildenec@bloglines.com;123461944
Noby Boch;2176;72;nboched@imdb.com;123461951
Gaylord De Blase;2151;23;gdeee@cdc.gov;123461968
Eleanore Epsly;2163;80;eepslyef@columbia.edu;123461975
Giustina Sickert;2095;42;gsickerteg@ameblo.jp;123461982
Norrie Lanktree;2022;99;nlanktreeeh@booking.com;123461999
Normy Sedworth;2083;26;nsedworthei@sohu.com;123462006
Daniel Rodgier;2092;69;drodgierej@is.gd;123462013
Corbin Broomfield;2071;41;cbroomfieldek@bluehost.com;123462020
Nobie McMonies;2133;13;nmcmoniesel@disqus.com;123462037
Elyse Lawlance;2084;17;elawlanceem@themeforest.net;123462044
Napoleon Greggor;2175;16;ngreggoren@dyndns.org;123462051
Cordula Nyssens;2118;73;cnyssenseo@springer.com;123462068
Hebert Reubens;2093;67;hreubensep@google.ru;123462075
Elisabetta Greenleaf;2134;85;egreenleafeq@bandcamp.com;123462082
Artus Gathercoal;2134;62;agathercoaler@illinois.edu;123462099
May Yellowlee;2118;72;myellowleees@thetimes.co.uk;123462109
Leonid Polycote;2151;61;lpolycoteet@adobe.com;123462116
Margeaux Bromhead;2111;39;mbromheadeu@stumbleupon.com;123462123
Melisandra Edinboro;2146;61;medinboroev@flavors.me;123462130
Kassi Brightey;2083;13;kbrighteyew@wisc.edu;123462147
Norina Thulborn;2161;93;nthulbornex@auda.org.au;123462154
Neda Woolway;2064;92;nwoolwayey@bigcartel.com;123462161
Mar Beverstock;2167;48;mbeverstockez@exblog.jp;123462178
Saundra Brighouse;2151;35;sbrighousef0@intel.com;123462185
Filmore Dach;2150;37;fdachf1@who.int;123462192
Elvina Spearman;2067;65;espearmanf2@mysql.com;123462202
Catrina Rome;2089;93;cromef3@hibu.com;123462219
Justine Maleck;2043;82;jmaleckf4@unblog.fr;123462226
Trumaine Belli;2118;99;tbellif5@deviantart.com;123462233
Reagan Trolley;2051;23;rtrolleyf6@vinaora.com;123462240
Montague Hallford;2058;16;mhallfordf7@hubpages.com;123462257
Dorie Danelut;2093;71;ddanelutf8@cdc.gov;123462264
Kalli Featherstonhaugh;2166;56;kfeatherstonhaughf9@craigslist.org;123462271
Dana Lloyds;2184;92;dlloydsfa@i2i.jp;123462288
Tamqrah Inott;2184;97;tinottfb@shop-pro.jp;123462295
Halie Duffil;2096;32;hduffilfc@opera.com;123462305
Cammie Cuxson;2023;45;ccuxsonfd@mail.ru;123462312
Aleksandr Bertlin;2013;13;abertlinfe@slashdot.org;123462329
Eldin Hovenden;2072;37;ehovendenff@hexun.com;123462336
Redford Buck;2053;17;rbuckfg@google.ru;123462343
Leonanie Landon;2066;91;llandonfh@live.com;123462350
Gothart McLoney;2063;44;gmcloneyfi@springer.com;123462367
Olivier Scotchbourouge;2040;78;oscotchbourougefj@shutterfly.com;123462374
Eveleen Gason;2175;65;egasonfk@cbc.ca;123462381
Mollee Silkston;2100;96;msilkstonfl@cornell.edu;123462398
Chico Goodright;2175;19;cgoodrightfm@moonfruit.com;123462408
Lucia Lapides;2145;20;llapidesfn@xing.com;123462415
Horst Hullin;2145;42;hhullinfo@tmall.com;123462422
Olympe Dunsmore;2084;90;odunsmorefp@statcounter.com;123462439
Leora Mendoza;2161;77;lmendozafq@skype.com;123462446
Cece Dowdell;2132;20;cdowdellfr@flickr.com;123462453
Madelene Fretwell;2016;96;mfretwellfs@is.gd;123462460
Lucien Tackell;2099;21;ltackellft@microsoft.com;123462477
Cathleen Andrioni;2132;21;candrionifu@drupal.org;123462484
Bernie Feasley;2132;78;bfeasleyfv@thetimes.co.uk;123462491
Karissa Ganing;2100;72;kganingfw@de.vu;123462501
Tanner Bartoszewski;2162;60;tbartoszewskifx@adobe.com;123462518
Evie Spores;2090;15;esporesfy@mail.ru;123462525
Daphne Spurrier;2175;53;dspurrierfz@last.fm;123462532
Gradeigh Petera;2193;90;gpeterag0@shutterfly.com;123462549
Brittne Swinburne;2177;53;bswinburneg1@nba.com;123462556
Harwilll Cambden;2080;26;hcambdeng2@nyu.edu;123462563
Kendell Dougliss;2045;13;kdouglissg3@wp.com;123462570
Ronna Goodwyn;2090;38;rgoodwyng4@indiegogo.com;123462587
Cirstoforo Tinston;2167;21;ctinstong5@timesonline.co.uk;123462594
Torrin O'Cannovane;2135;96;tocannovaneg6@chicagotribune.com;123462604
Elfie Morrilly;2134;37;emorrillyg7@indiatimes.com;123462611
Consalve Linacre;2143;47;clinacreg8@dell.com;123462628
Ericha Melmeth;2066;27;emelmethg9@geocities.com;123462635
Donnell Reyner;2015;63;dreynerga@usatoday.com;123462642
Roze Pinard;2173;92;rpinardgb@chicagotribune.com;123462659
Car Shakelady;2038;48;cshakeladygc@mozilla.com;123462666
Goldie Bolt;2112;17;gboltgd@webnode.com;123462673
Roderic Lawrey;2117;79;rlawreyge@blogspot.com;123462680
Tally Peegrem;2027;76;tpeegremgf@forbes.com;123462697
Minnie Teodorski;2185;92;mteodorskigg@who.int;123462707
Leonhard Clappison;2162;77;lclappisongh@google.nl;123462714
Leslie Rykert;2074;59;lrykertgi@upenn.edu;123462721
Grethel Keeney;2146;96;gkeeneygj@army.mil;123462738
Lucretia Toplin;2065;60;ltoplingk@sfgate.com;123462745
Ciel Perllman;2095;14;cperllmangl@umich.edu;123462752
Minerva Filintsev;2141;55;mfilintsevgm@wunderground.com;123462769
Carlee Stothart;2028;75;cstothartgn@ezinearticles.com;123462776
Gerhardt Heineken;2064;24;gheinekengo@amazon.com;123462783
Glyn Tohill;2092;39;gtohillgp@mac.com;123462790
Tonnie Gooden;2067;65;tgoodengq@mtv.com;123462800
Dominica MacLise;2163;90;dmaclisegr@myspace.com;123462817
Timmy Blackaby;2011;76;tblackabygs@stumbleupon.com;123462824
Mackenzie Friese;2099;94;mfriesegt@addthis.com;123462831
Cora Canby;2151;54;ccanbygu@cloudflare.com;123462848
Paige Sedgefield;2067;30;psedgefieldgv@over-blog.com;123462855
Karyl Lomath;2096;92;klomathgw@histats.com;123462862
Sherline Brinkworth;2091;62;sbrinkworthgx@soundcloud.com;123462879
Kimble Minshall;2191;32;kminshallgy@elegantthemes.com;123462886
Ebony Solloway;2161;43;esollowaygz@howstuffworks.com;123462893
Krissy Osmon;2191;46;kosmonh0@ehow.com;123462903
Lesli Gill;2146;25;lgillh1@cloudflare.com;123462910
Sandor Grattan;2083;48;sgrattanh2@prweb.com;123462927
Inessa Patrone;2092;13;ipatroneh3@google.pl;123462934
Kris Brewer;2083;43;kbrewerh4@nymag.com;123462941
Brendis O'Keeffe;2084;48;bokeeffeh5@ebay.co.uk;123462958
Maddie Mark;2090;93;mmarkh6@hud.gov;123462965
Modestine Gronw;2134;32;mgronwh7@hatena.ne.jp;123462972
Shawna Harral;2072;42;sharralh8@sfgate.com;123462989
Eveleen Rubega;2164;41;erubegah9@oaic.gov.au;123462996
Patrica Pitsall;2072;91;ppitsallha@seesaa.net;123463003
Sile MacCaig;2072;89;smaccaighb@gmpg.org;123463010
Ariela Shiers;2091;85;ashiershc@google.de;123463027
Lucky Faherty;2143;83;lfahertyhd@phoca.cz;123463034
Natalya Agass;2141;14;nagasshe@google.es;123463041
Shell Helsby;2013;78;shelsbyhf@spiegel.de;123463058
Truda Grills;2163;84;tgrillshg@scientificamerican.com;123463065
Yankee Chillcot;2115;17;ychillcothh@tripadvisor.com;123463072
Ashil Mcwhinnie;2151;84;amcwhinniehi@mtv.com;123463089
Angie McKniely;2097;96;amcknielyhj@hubpages.com;123463096
Grannie Camillo;2143;72;gcamillohk@gravatar.com;123463106
Ginni Robard;2022;26;grobardhl@last.fm;123463113
Nelie Kelleher;2194;68;nkelleherhm@sourceforge.net;123463120
Benedetta McKeller;2135;38;bmckellerhn@nba.com;123463137
Cam Witnall;2014;41;cwitnallho@sitemeter.com;123463144
Royal Prettyjohn;2019;67;rprettyjohnhp@hubpages.com;123463151
Jo ann Osipov;2097;42;jannhq@senate.gov;123463168
Magnum Cleaver;2064;54;mcleaverhr@vk.com;123463175
Norris Bednell;2064;100;nbednellhs@hatena.ne.jp;123463182
Othilia Wasmer;2112;74;owasmerht@simplemachines.org;123463199
Hugibert Brookton;2021;80;hbrooktonhu@fc2.com;123463209
Daffie Beveredge;2083;20;dbeveredgehv@fc2.com;123463216
Janela Grishmanov;2183;61;jgrishmanovhw@wsj.com;123463223
Richie Domnick;2038;54;rdomnickhx@ovh.net;123463230
Glenn Chattey;2113;99;gchatteyhy@sbwire.com;123463247
Lynna Heintz;2173;95;lheintzhz@kickstarter.com;123463254
Elladine Dobney;2185;62;edobneyi0@marriott.com;123463261
Nettle Morch;2044;13;nmorchi1@epa.gov;123463278
Patricio Whitcher;2132;72;pwhitcheri2@eventbrite.com;123463285
Gerta Lethley;2017;39;glethleyi3@jugem.jp;123463292
Britteny Kelsow;2182;61;bkelsowi4@foxnews.com;123463302
Morissa Croasdale;2064;48;mcroasdalei5@cbc.ca;123463319
Bibbye Crier;2064;45;bcrieri6@marriott.com;123463326
Tyson Plott;2134;87;tplotti7@latimes.com;123463333
Staffard Paulich;2009;55;spaulichi8@cnn.com;123463340
Michaella Daventry;2176;53;mdaventryi9@cmu.edu;123463357
Giorgia Cloughton;2038;74;gcloughtonia@amazon.de;123463364
Lurleen Goldie;2016;59;lgoldieib@icq.com;123463371
Alastair Sawden;2200;48;asawdenic@blogtalkradio.com;123463388
Robinette Huckstepp;2114;37;rhucksteppid@youtube.com;123463395
Chic Bowgen;2132;27;cbowgenie@timesonline.co.uk;123463405
Dana Braithwaite;2091;46;dbraithwaiteif@4shared.com;123463412
Kirbee South;2145;60;ksouthig@furl.net;123463429
Hiram McKitterick;2063;92;hmckitterickih@technorati.com;123463436
Flossy Clows;2095;98;fclowsii@angelfire.com;123463443
Timothea Nurny;2086;12;tnurnyij@house.gov;123463450
Scarlett Batalle;2091;35;sbatalleik@is.gd;123463467
Lorry Fessions;2173;69;lfessionsil@addthis.com;123463474
Dominic Crane;2017;93;dcraneim@tiny.cc;123463481
Patricio Ousley;2119;30;pousleyin@123-reg.co.uk;123463498
Shelley Schutte;2022;17;sschutteio@google.it;123463508
Theo Kiernan;2183;49;tkiernanip@yale.edu;123463515
Lydia Quinet;2170;89;lquinetiq@nifty.com;123463522
Marketa Fleming;2173;98;mflemingir@dailymotion.com;123463539
Kinsley Turbard;2111;59;kturbardis@cnet.com;123463546
Mag Scholfield;2141;59;mscholfieldit@zimbio.com;123463553
Hewitt Carwithim;2174;70;hcarwithimiu@army.mil;123463560
Brigitte Pendre;2053;60;bpendreiv@wp.com;123463577
Dorette Wherrit;2090;74;dwherritiw@rambler.ru;123463584
Pepito Abbati;2192;35;pabbatiix@abc.net.au;123463591
Emmalynne Chellam;2200;61;echellamiy@deliciousdays.com;123463601
Carmina Auchterlonie;2064;15;cauchterlonieiz@merriam-webster.com;123463618
Arlette Kerman;2000;46;akermanj0@imdb.com;123463625
Chick Arndell;2028;55;carndellj1@npr.org;123463632
Nicola Darlow;2073;48;ndarlowj2@qq.com;123463649
Ivett Martinat;2185;22;imartinatj3@studiopress.com;123463656
Chantal MacCawley;2141;47;cmaccawleyj4@mlb.com;123463663
Linc Van Der Walt;2113;72;lvanj5@berkeley.edu;123463670
Starlene Hallagan;2045;56;shallaganj6@usgs.gov;123463687
Andeee Ruggen;2027;58;aruggenj7@tinyurl.com;123463694
Kevan Crosskill;2176;54;kcrosskillj8@psu.edu;123463704
Bret Hrus;2182;25;bhrusj9@mapquest.com;123463711
Randi Cray;2081;11;rcrayja@aboutads.info;123463728
Vivie Colby;2025;18;vcolbyjb@weibo.com;123463735
Dacy Colman;2134;74;dcolmanjc@360.cn;123463742
Merlina Seczyk;2194;93;mseczykjd@house.gov;123463759
Carolynn Pippin;2071;71;cpippinje@acquirethisname.com;123463766
Percival Cattemull;2064;61;pcattemulljf@dailymail.co.uk;123463773
Juline Tomaino;2151;18;jtomainojg@imageshack.us;123463780
Egor Bader;2118;88;ebaderjh@hatena.ne.jp;123463797
Beret Mutton;2072;20;bmuttonji@hostgator.com;123463807
Barri Stannion;2194;49;bstannionjj@odnoklassniki.ru;123463814
Matthiew Jachtym;2193;29;mjachtymjk@geocities.jp;123463821
Bourke O' Dooley;2025;98;bojl@boston.com;123463838
Vin Tipper;2011;75;vtipperjm@google.com.hk;123463845
Donnell Stollenwerck;2132;75;dstollenwerckjn@seattletimes.com;123463852
Mommy Edwards;2144;71;medwardsjo@tiny.cc;123463869
Nahum Kroll;2146;23;nkrolljp@dell.com;123463876
Betta Huyche;2065;94;bhuychejq@geocities.com;123463883
Delmore Vanelli;2023;65;dvanellijr@reuters.com;123463890
Shirley Gritsaev;2119;32;sgritsaevjs@homestead.com;123463900
Annabel Matskevich;2086;84;amatskevichjt@dion.ne.jp;123463917
Gertrudis Kerwick;2040;34;gkerwickju@ow.ly;123463924
Benji Cess;2027;66;bcessjv@icio.us;123463931
Petey Hrynczyk;2175;98;phrynczykjw@mashable.com;123463948
Ralph Ewer;2173;83;rewerjx@tiny.cc;123463955
Esteban Moulding;2022;58;emouldingjy@blinklist.com;123463962
Dean Baldetti;2065;80;dbaldettijz@deliciousdays.com;123463979
Putnam McCaughran;2066;48;pmccaughrank0@github.com;123463986
Robbert Selman;2097;93;rselmank1@soundcloud.com;123463993
Arlinda Beever;2011;80;abeeverk2@google.co.uk;123464000
Elisa Adelsberg;2011;39;eadelsbergk3@amazonaws.com;123464017
Mildrid McCluney;2188;21;mmccluneyk4@multiply.com;123464024
Francine Dumingo;2073;51;fdumingok5@dropbox.com;123464031
Elnore Darwent;2085;80;edarwentk6@loc.gov;123464048
Jehanna Malbon;2176;34;jmalbonk7@eventbrite.com;123464055
Gottfried Bottleson;2163;27;gbottlesonk8@sakura.ne.jp;123464062
Tawnya Libri;2151;38;tlibrik9@squidoo.com;123464079
Ginnie Thoumas;2066;89;gthoumaska@cnbc.com;123464086
Fawn Eastham;2163;35;feasthamkb@webnode.com;123464093
Avis Newlands;2000;79;anewlandskc@photobucket.com;123464103
Bell Oattes;2118;23;boatteskd@comcast.net;123464110
Theo Govey;2000;42;tgoveyke@usatoday.com;123464127
Padriac Sivil;2074;12;psivilkf@google.nl;123464134
Gareth Troppmann;2060;38;gtroppmannkg@amazonaws.com;123464141
Ryon Di Maggio;2170;42;rdikh@1und1.de;123464158
Elayne Ginnety;2003;45;eginnetyki@epa.gov;123464165
Guthrey Kalinsky;2119;42;gkalinskykj@redcross.org;123464172
Deana Areles;2084;95;dareleskk@mapquest.com;123464189
Brooks Seyers;2143;63;bseyerskl@telegraph.co.uk;123464196
Kessiah Adan;2051;65;kadankm@msu.edu;123464206
Helen Duesberry;2115;77;hduesberrykn@wordpress.org;123464213
Marla Burless;2176;77;mburlessko@odnoklassniki.ru;123464220
Melloney Sowrah;2174;50;msowrahkp@imgur.com;123464237
Kellie Priddie;2022;98;kpriddiekq@vk.com;123464244
Bianka Greatbatch;2015;33;bgreatbatchkr@goodreads.com;123464251
Korry Southby;2049;58;ksouthbyks@dyndns.org;123464268
Eddie Coleshill;2015;23;ecoleshillkt@icq.com;123464275
Averil Kindred;2167;69;akindredku@ycombinator.com;123464282
Clifford Dubber;2080;82;cdubberkv@answers.com;123464299
Eddy Konert;2163;45;ekonertkw@jigsy.com;123464309
Eberhard Hallgath;2025;83;ehallgathkx@webs.com;123464316
Corrina Garbert;2089;75;cgarbertky@cdbaby.com;123464323
Franky Hinsch;2161;90;fhinschkz@devhub.com;123464330
Clayborne O'Glassane;2165;55;coglassanel0@hexun.com;123464347
Alidia Domokos;2049;25;adomokosl1@360.cn;123464354
Lem Nellis;2027;33;lnellisl2@bloomberg.com;123464361
Hilliary Dearn;2099;13;hdearnl3@prlog.org;123464378
Caro Jedrzej;2045;57;cjedrzejl4@phpbb.com;123464385
Domenic Redihough;2191;17;dredihoughl5@nih.gov;123464392
Celestia Panichelli;2080;54;cpanichellil6@fc2.com;123464402
Rockwell Holdall;2006;84;rholdalll7@plala.or.jp;123464419
Willem Kebell;2098;54;wkebelll8@google.com.hk;123464426
Dani Letcher;2011;66;dletcherl9@chicagotribune.com;123464433
Gilbertine Flieger;2057;33;gfliegerla@artisteer.com;123464440
Cyrillus Fernier;2166;40;cfernierlb@fc2.com;123464457
Fayth Battin;2067;13;fbattinlc@nydailynews.com;123464464
Brit Brydell;2017;69;bbrydellld@skype.com;123464471
Annamarie Waker;2053;44;awakerle@mysql.com;123464488
Ramon Manger;2163;60;rmangerlf@nps.gov;123464495
Isabel Toping;2086;72;itopinglg@mapy.cz;123464505
Tessa Alflat;2060;24;talflatlh@rambler.ru;123464512
Marjy Smoth;2096;54;msmothli@who.int;123464529
Paola Freak;2176;79;pfreaklj@last.fm;123464536
Merwyn Westhofer;2177;79;mwesthoferlk@amazon.de;123464543
Darrel Gillman;2027;53;dgillmanll@samsung.com;123464550
Mariette Creber;2066;12;mcreberlm@google.com.br;123464567
Gertrudis McDoual;2119;42;gmcdoualln@purevolume.com;123464574
Harlie Gherardesci;2045;91;hgherardescilo@pcworld.com;123464581
Clarie Tremolieres;2173;76;ctremoliereslp@scribd.com;123464598
Wini Fretson;2146;77;wfretsonlq@networksolutions.com;123464608
Malvina Blackburn;2081;60;mblackburnlr@paypal.com;123464615
Harriette Broady;2131;96;hbroadyls@upenn.edu;123464622
Eric Pinke;2084;95;epinkelt@artisteer.com;123464639
Rogerio Gabala;2191;28;rgabalalu@xinhuanet.com;123464646
Brocky O' Loughran;2024;98;bolv@netvibes.com;123464653
Julee Faulkner;2112;24;jfaulknerlw@ifeng.com;123464660
Adora Lockyear;2015;87;alockyearlx@cdc.gov;123464677
Annelise Copping;2089;89;acoppingly@dropbox.com;123464684
Corbin Ende;2164;86;cendelz@chron.com;123464691
Verla Lawler;2175;31;vlawlerm0@paginegialle.it;123464701
Farleigh Bosward;2016;15;fboswardm1@scientificamerican.com;123464718
Mariam Mardling;2022;65;mmardlingm2@who.int;123464725
Clareta Withinshaw;2194;37;cwithinshawm3@miitbeian.gov.cn;123464732
Waverly Jollands;2192;98;wjollandsm4@barnesandnoble.com;123464749
Ewen Kapelhof;2072;15;ekapelhofm5@deliciousdays.com;123464756
Sula Vedekhin;2097;44;svedekhinm6@ucoz.ru;123464763
Franzen Carneck;2000;24;fcarneckm7@mashable.com;123464770
Jolyn Skalls;2045;25;jskallsm8@google.it;123464787
Nissa Bellamy;2074;82;nbellamym9@xinhuanet.com;123464794
Alfonso Shawley;2067;32;ashawleyma@vistaprint.com;123464804
Wallie Le-Good;2193;97;wlegoodmb@drupal.org;123464811
Masha Scottrell;2063;12;mscottrellmc@wix.com;123464828
Cinnamon Wastling;2040;80;cwastlingmd@domainmarket.com;123464835
Mara Martill;2094;94;mmartillme@linkedin.com;123464842
Else Brattell;2011;50;ebrattellmf@google.cn;123464859
Kitti Bursnall;2030;38;kbursnallmg@php.net;123464866
Wilfred Wilbud;2039;77;wwilbudmh@odnoklassniki.ru;123464873
Giffie Dabnot;2066;89;gdabnotmi@bloglovin.com;123464880
Teriann Valek;2045;29;tvalekmj@sogou.com;123464897
Nathalia Waples;2095;54;nwaplesmk@nytimes.com;123464907
Justinn Lathy;2064;30;jlathyml@bloglovin.com;123464914
Barbe Jagels;2162;19;bjagelsmm@i2i.jp;123464921
Bran Blaby;2030;43;bblabymn@hatena.ne.jp;123464938
Sherill Duding;2085;31;sdudingmo@nba.com;123464945
Jerad Veracruysse;2097;16;jveracruyssemp@seesaa.net;123464952
Marcelle Trusler;2098;27;mtruslermq@behance.net;123464969
Lezlie Lunam;2009;16;llunammr@dailymotion.com;123464976
Rebeka Klaggeman;2131;96;rklaggemanms@themeforest.net;123464983
Chandra Janik;2023;59;cjanikmt@jalbum.net;123464990
Hasheem Messager;2096;39;hmessagermu@discuz.net;123465007
Merilee Igglesden;2100;84;migglesdenmv@twitpic.com;123465014
Cate Hallahan;2089;18;challahanmw@webmd.com;123465021
Aindrea Vinau;2085;82;avinaumx@tripod.com;123465038
Pammie Callister;2095;32;pcallistermy@jigsy.com;123465045
Demetria Bradnick;2027;76;dbradnickmz@washingtonpost.com;123465052
Amitie Caveney;2066;100;acaveneyn0@facebook.com;123465069
Lannie Verbrugghen;2191;42;lverbrugghenn1@google.de;123465076
Noe Ranshaw;2063;65;nranshawn2@whitehouse.gov;123465083
Ferrell Anchor;2116;11;fanchorn3@about.com;123465090
Brear Houseago;2097;14;bhouseagon4@noaa.gov;123465100
Jacques Stubbings;2086;97;jstubbingsn5@noaa.gov;123465117
Johnath Harley;2170;50;jharleyn6@latimes.com;123465124
Gregory Gobolos;2017;66;ggobolosn7@hubpages.com;123465131
Lurleen Redihalgh;2141;15;lredihalghn8@engadget.com;123465148
Haskell Roll;2176;54;hrolln9@example.com;123465155
Kathy Robbins;2015;32;krobbinsna@theglobeandmail.com;123465162
Casar Flahive;2009;40;cflahivenb@reddit.com;123465179
Coreen Goggins;2093;57;cgogginsnc@wikia.com;123465186
Elene Dunridge;2031;47;edunridgend@chicagotribune.com;123465193
Paulie Higginbottam;2085;56;phigginbottamne@mashable.com;123465203
Grannie Cleeton;2166;85;gcleetonnf@nhs.uk;123465210
Saleem Atty;2078;72;sattyng@ucsd.edu;123465227
Davy Capaldo;2083;30;dcapaldonh@arizona.edu;123465234
Alwyn Danby;2183;97;adanbyni@imageshack.us;123465241
Maighdiln Filipov;2092;88;mfilipovnj@theatlantic.com;123465258
Jereme Reagan;2100;26;jreagannk@google.ru;123465265
Maurene Loynes;2100;29;mloynesnl@alibaba.com;123465272
Dilan Utting;2066;97;duttingnm@discovery.com;123465289
Rebe Bechley;2089;84;rbechleynn@wsj.com;123465296
Bettina Soppit;2045;85;bsoppitno@mapquest.com;123465306
Tabitha Sparks;2083;92;tsparksnp@msn.com;123465313
Dorice Rainy;2144;78;drainynq@e-recht24.de;123465320
Storm Kupka;2039;63;skupkanr@topsy.com;123465337
Emelyne Dunkerley;2182;58;edunkerleyns@flickr.com;123465344
Christi Crippes;2090;78;ccrippesnt@goo.gl;123465351
Helenelizabeth Hyndley;2200;85;hhyndleynu@webnode.com;123465368
Kathlin Catherick;2116;94;kcathericknv@artisteer.com;123465375
Ashlin Licciardello;2022;57;alicciardellonw@4shared.com;123465382
Cherilyn Eyckelbeck;2073;85;ceyckelbecknx@wikimedia.org;123465399
Ingmar Kenningham;2135;22;ikenninghamny@google.com;123465409
Corabella Chadbourne;2030;46;cchadbournenz@sfgate.com;123465416
Franklyn Dowdle;2065;98;fdowdleo0@google.nl;123465423
Angelle Colcomb;2013;80;acolcombo1@mac.com;123465430
Patti Jinkin;2090;50;pjinkino2@amazon.co.uk;123465447
Hobey Le Prevost;2191;47;hleo3@google.co.jp;123465454
Jehu Bortolazzi;2170;15;jbortolazzio4@stumbleupon.com;123465461
Raine Davitt;2072;61;rdavitto5@nature.com;123465478
Violette Hunnisett;2170;56;vhunnisetto6@berkeley.edu;123465485
Brantley Laugherane;2173;58;blaugheraneo7@salon.com;123465492
Malena Cowdry;2193;85;mcowdryo8@state.tx.us;123465502
Taber Hullah;2164;36;thullaho9@clickbank.net;123465519
Sergeant Babe;2114;80;sbabeoa@eventbrite.com;123465526
Mireielle Renoden;2111;69;mrenodenob@ucla.edu;123465533
Valentino Mitchenson;2085;96;vmitchensonoc@accuweather.com;123465540
Paxon Jachtym;2064;60;pjachtymod@skyrock.com;123465557
Tadeo Kann;2173;59;tkannoe@indiatimes.com;123465564
Waldo Tilt;2023;58;wtiltof@sun.com;123465571
Tracie Gillivrie;2038;98;tgillivrieog@army.mil;123465588
Odele Balmadier;2049;32;obalmadieroh@usnews.com;123465595
Mabel O'Curneen;2067;64;mocurneenoi@github.com;123465605
Jesse Dicken;2145;73;jdickenoj@digg.com;123465612
Tommie Trinder;2114;58;ttrinderok@youtube.com;123465629
Almira Moen;2151;32;amoenol@wikia.com;123465636
Hartley Battrick;2166;50;hbattrickom@biglobe.ne.jp;123465643
Freedman Hallagan;2097;75;fhallaganon@usgs.gov;123465650
Bil Scudder;2051;39;bscudderoo@pinterest.com;123465667
Stephannie Gorman;2025;51;sgormanop@rakuten.co.jp;123465674
Andi Lonie;2017;48;alonieoq@yahoo.co.jp;123465681
Tallia Smardon;2066;48;tsmardonor@columbia.edu;123465698
Winthrop Lang;2182;34;wlangos@friendfeed.com;123465708
Packston Cadamy;2011;99;pcadamyot@photobucket.com;123465715
Maryanne Wisby;2183;55;mwisbyou@microsoft.com;123465722
Arri Sunner;2040;75;asunnerov@hatena.ne.jp;123465739
Phaedra Whittingham;2071;81;pwhittinghamow@chron.com;123465746
Marijn Jope;2192;94;mjopeox@webeden.co.uk;123465753
Willi Metham;2094;20;wmethamoy@hao123.com;123465760
Madelena Flemyng;2143;24;mflemyngoz@histats.com;123465777
Hazlett Gorcke;2118;51;hgorckep0@blog.com;123465784
Lorne Reucastle;2131;29;lreucastlep1@nasa.gov;123465791
Tamra Pinel;2165;90;tpinelp2@trellian.com;123465801
Seth Lowndsborough;2086;100;slowndsboroughp3@digg.com;123465818
Sallyann Ciardo;2163;22;sciardop4@quantcast.com;123465825
Fernanda Dorgon;2081;51;fdorgonp5@adobe.com;123465832
Marcella Iwaszkiewicz;2015;15;miwaszkiewiczp6@ihg.com;123465849
Ginevra Faulconbridge;2093;41;gfaulconbridgep7@baidu.com;123465856
Gratiana Welden;2024;19;gweldenp8@sphinn.com;123465863
Felizio Gater;2111;41;fgaterp9@opera.com;123465870
Red Brinson;2051;93;rbrinsonpa@thetimes.co.uk;123465887
Fred Honnicott;2017;48;fhonnicottpb@lycos.com;123465894
Loralee Bunney;2131;96;lbunneypc@bravesites.com;123465904
Tybie Keepin;2017;30;tkeepinpd@salon.com;123465911
Daniela Grissett;2116;82;dgrissettpe@webnode.com;123465928
Katy Presnell;2091;11;kpresnellpf@mac.com;123465935
Chlo Petracco;2164;62;cpetraccopg@webmd.com;123465942
Freda Vaughan;2065;64;fvaughanph@alexa.com;123465959
Brigitte Pitrollo;2193;25;bpitrollopi@youtu.be;123465966
Nelle Joron;2115;20;njoronpj@google.ca;123465973
Mathias Duddan;2120;74;mduddanpk@dailymotion.com;123465980
Corey Pittock;2146;55;cpittockpl@hp.com;123465997
Town McFarlan;2013;48;tmcfarlanpm@msu.edu;123466004
Christal Hanfrey;2161;90;chanfreypn@reddit.com;123466011
Kean Halford;2013;75;khalfordpo@paypal.com;123466028
Udale Leavry;2025;40;uleavrypp@amazon.com;123466035
Niki Wilbraham;2191;42;nwilbrahampq@blogspot.com;123466042
Pammie Peet;2051;83;ppeetpr@mysql.com;123466059
Clarabelle Burfitt;2091;76;cburfittps@bloglines.com;123466066
Conant Diggell;2093;28;cdiggellpt@hhs.gov;123466073
Georgena Reeson;2163;74;greesonpu@spiegel.de;123466080
Zorana Chinn;2093;83;zchinnpv@godaddy.com;123466097
Dilan Lambert-Ciorwyn;2112;91;dlambertciorwynpw@umich.edu;123466107
Al Gay;2112;22;agaypx@bluehost.com;123466114
Susy Minker;2191;46;sminkerpy@youtube.com;123466121
Melodee Vicent;2144;100;mvicentpz@com.com;123466138
Ernesta Sealy;2026;35;esealyq0@ehow.com;123466145
Crin Jozefowicz;2129;20;cjozefowiczq1@go.com;123466152
Ameline Urrey;2091;56;aurreyq2@intel.com;123466169
Derward Gynni;2089;44;dgynniq3@techcrunch.com;123466176
Arlette Stealfox;2026;35;astealfoxq4@ucla.edu;123466183
Dorie Ellerman;2024;41;dellermanq5@hubpages.com;123466190
Lonna Wisker;2115;94;lwiskerq6@51.la;123466200
Roze Quinton;2174;56;rquintonq7@time.com;123466217
Kristan Spittle;2167;82;kspittleq8@live.com;123466224
Angelo Burchatt;2185;56;aburchattq9@bbc.co.uk;123466231
Gabriell Oxtarby;2118;29;goxtarbyqa@dot.gov;123466248
Queenie Burnep;2131;51;qburnepqb@pbs.org;123466255
Livia Lomb;2151;13;llombqc@hud.gov;123466262
Rhetta Dandy;2174;19;rdandyqd@spiegel.de;123466279
Constantine Rosthorn;2090;75;crosthornqe@imdb.com;123466286
Mac Uppett;2181;36;muppettqf@xing.com;123466293
Packston Mc Carrick;2083;87;pmcqg@wunderground.com;123466303
Yuma Diable;2115;60;ydiableqh@sbwire.com;123466310
Haily Cushion;2100;58;hcushionqi@about.com;123466327
Melanie Ragborne;2053;24;mragborneqj@amazon.com;123466334
Cirilo Jasper;2071;47;cjasperqk@liveinternet.ru;123466341
Harriette Northwood;2200;14;hnorthwoodql@odnoklassniki.ru;123466358
Agnese Clowney;2021;78;aclowneyqm@howstuffworks.com;123466365
Ardis Cobbald;2100;44;acobbaldqn@odnoklassniki.ru;123466372
Erek Dunkerton;2128;71;edunkertonqo@dot.gov;123466389
Isaak Causey;2023;87;icauseyqp@timesonline.co.uk;123466396
Tiffie McGinlay;2099;26;tmcginlayqq@flickr.com;123466406
Francklyn Isaq;2060;69;fisaqqr@desdev.cn;123466413
Osgood Moresby;2084;63;omoresbyqs@bloomberg.com;123466420
Adeline Andreutti;2083;46;aandreuttiqt@unesco.org;123466437
Blythe Ruprecht;2009;63;bruprechtqu@arizona.edu;123466444
Elsie Berriman;2177;79;eberrimanqv@gmpg.org;123466451
Christean Northbridge;2119;32;cnorthbridgeqw@blogs.com;123466468
Mallissa Mumby;2113;30;mmumbyqx@webnode.com;123466475
Wilow Cradick;2089;75;wcradickqy@unesco.org;123466482
Darci Stubbin;2011;12;dstubbinqz@rambler.ru;123466499
Farlay Deacock;2172;99;fdeacockr0@shutterfly.com;123466509
Pennie Arnaldy;2099;30;parnaldyr1@ehow.com;123466516
Salomone Kmiec;2165;73;skmiecr2@discovery.com;123466523
Mart Laflin;2164;59;mlaflinr3@cnn.com;123466530
Cirstoforo Duker;2167;43;cdukerr4@mac.com;123466547
Elroy Crossingham;2063;67;ecrossinghamr5@shutterfly.com;123466554
Kimberlee Crosher;2141;26;kcrosherr6@wufoo.com;123466561
Raynor Loyns;2113;60;rloynsr7@technorati.com;123466578
Wallie Corss;2030;72;wcorssr8@amazon.com;123466585
Shaylynn Tousey;2039;64;stouseyr9@51.la;123466592
Amble Gabbot;2183;71;agabbotra@dyndns.org;123466602
Francisca Margetts;2132;73;fmargettsrb@last.fm;123466619
Giulia Terzi;2080;36;gterzirc@japanpost.jp;123466626
Lita Wedlake;2118;75;lwedlakerd@oracle.com;123466633
Malanie Calam;2028;79;mcalamre@so-net.ne.jp;123466640
Kaela Lennie;2049;43;klennierf@redcross.org;123466657
Washington Sayward;2015;79;wsaywardrg@yolasite.com;123466664
Arlette Spinley;2182;61;aspinleyrh@dell.com;123466671
Gerhardine Vautre;2116;93;gvautreri@tinyurl.com;123466688
Teddi Wiltshier;2093;58;twiltshierrj@flickr.com;123466695
Wilfrid Pinkard;2182;68;wpinkardrk@sciencedaily.com;123466705
Orella Vitler;2049;78;ovitlerrl@paypal.com;123466712
Marsha Jewer;2027;53;mjewerrm@ovh.net;123466729
Paton Gert;2071;53;pgertrn@google.com.au;123466736
Kit Grelka;2026;95;kgrelkaro@vkontakte.ru;123466743
Lucie Hales;2116;92;lhalesrp@arizona.edu;123466750
Balduin Argyle;2000;34;bargylerq@twitpic.com;123466767
Etta Abrahamsson;2091;41;eabrahamssonrr@storify.com;123466774
